Age,Income,Total_Spending,Total_Purchases,Engagement_Score,Recency,NumWebVisitsMonth,Family_Size
0.38825877184083396,0.3157373270403043,0.3386684158822299,0.8940154953567,-0.01259647871647133,0.024319532842568124,0.09464360952347062,0.16926021795177862
-0.2538464538449863,-0.7140260973055448,-0.8245403477711915,-0.8453916311546957,-0.21460975268424715,0.02204707032037588,0.5164313508606284,0.4295639116399971
0.005831084089904165,1.096396816650137,1.3179565104004871,0.5734020597233416,-0.042769158400173785,0.07583876367628607,-1.226128995710656,-1.1500286746333024
0.2335149829427852,0.4058325531782624,0.29296902338434555,0.6601203462694314,5.618737662198023,-1.666614568293508,-0.3606874061356868,-0.22623314032039163
